,产权比率,保守速动比率,净利润同比增长率,净资产收益率,净资产收益率-摊薄,基本每股收益(元),存货周转天数(天),存货周转率(次),应收账款周转天数(天),扣非净利润同比增长率,每股净资产(元),每股未分配利润(元),每股经营现金流(元),每股资本公积金(元),流动比率,营业周期(天),营业总收入同比增长率,资产负债率,速动比率,销售净利率,销售毛利率,类别
124,1.0,1.36,0.209,0.051399999999999994,0.0501,0.225,215.52,0.42,41.26,0.204,3.81,1.72,0.11,0.83,2.14,256.78,0.1766,0.4989,1.36,0.1675,0.2838,1
1382,0.63,1.09,0.16670000000000001,0.0178,0.017,0.0539,61.25,1.47,30.12,0.1744,3.17,0.49,0.23,0.29,1.77,91.38,0.0832,0.3831,1.09,0.028399999999999998,0.1435,0
1273,1.11,1.24,0.3978,0.0518,0.050499999999999996,0.2331,51.96,1.73,103.32,0.32420000000000004,4.62,2.56,0.29,0.79,1.69,155.28,-0.0935,0.5284,1.32,0.0709,0.2891,0
1387,0.56,1.31,0.039599999999999996,0.0318,0.0326,0.1081,62.18,2.89,31.66,0.0366,3.32,0.67,0.21,0.29,2.0,93.84,0.0248,0.35509999999999997,1.31,0.03,0.1532,0
1404,0.85,1.4,0.5106,0.0781,0.0768,0.2585,61.67,4.38,28.03,0.4347,3.37,1.27,0.2,0.29,1.81,89.7,0.2995,0.457,1.4,0.0483,0.1794,0
682,0.88,1.6,0.9189,0.0929,0.08960000000000001,0.721,32.39,5.56,64.41,0.1294,6.81,4.89,0.87,0.19,1.98,96.8,0.09849999999999999,0.43329999999999996,1.6,0.0453,0.0755,0
565,1.72,0.72,1.3058,0.18539999999999998,0.1697,0.47,80.29,4.48,41.71,1.4702000000000002,2.79,1.14,0.51,0.57,1.25,122.0,0.395,0.6324000000000001,0.73,0.049100000000000005,0.3258,0
185,0.76,0.96,0.1531,0.08109999999999999,0.0781,0.594,105.53,1.71,22.54,0.1509,7.43,3.61,0.53,2.48,1.9,128.07,0.179,0.4329,0.96,0.0666,0.38789999999999997,0
343,2.55,0.9,0.3846,0.0405,0.0409,0.4,54.28,3.32,86.45,0.2591,8.55,3.09,-1.59,4.32,1.27,140.73,0.1409,0.6929000000000001,0.93,0.015700000000000002,0.08380000000000001,0
344,2.65,0.91,0.32049999999999995,0.0557,0.057,0.55,54.55,4.95,86.2,0.2614,8.37,3.21,-1.44,4.32,1.29,140.75,0.15109999999999998,0.6983,0.93,0.013999999999999999,0.08220000000000001,0
556,0.98,0.69,1.6639,0.1074,0.0969,0.16,78.13,4.61,32.85,0.7137,4.46,0.71,0.77,2.69,1.34,110.98,0.3782,0.4921,0.7,0.035,0.3788,0
1248,2.13,0.45,0.1816,0.067,0.0653,0.32,101.06,2.67,23.48,0.2384,4.91,1.69,0.43,2.11,0.96,124.54,0.4125,0.6759000000000001,0.45,0.0239,0.2869,0
1270,1.25,1.27,0.1545,0.0975,0.1065,0.4122,39.55,4.55,93.43,0.21359999999999998,3.84,1.8,0.21,0.79,1.63,132.98,0.115,0.5517,1.29,0.055999999999999994,0.2661,0
1452,2.11,0.41,0.1754,0.1072,0.1075,1.22,100.34,2.69,34.42,0.1374,11.39,5.58,2.44,4.52,0.85,134.76,0.16440000000000002,0.6598999999999999,0.41,0.053200000000000004,0.325,0
964,1.09,0.93,0.0728,0.040999999999999995,0.0436,0.09,66.95,5.38,48.08,2.4571,2.01,0.4,0.05,0.06,1.45,115.03,0.0281,0.5182,0.93,0.022799999999999997,0.20350000000000001,0
316,2.22,0.78,0.1778,0.045,0.0434,0.13,46.11,5.86,28.13,0.0793,3.07,0.72,-0.75,1.28,1.22,74.24,0.1981,0.6759999999999999,0.78,0.0084,0.059000000000000004,0
1507,2.85,0.81,0.0924,0.0909,0.0924,0.6,47.61,5.67,90.55,0.0842,6.36,3.22,-0.97,1.83,1.21,138.16,0.14029999999999998,0.735,0.81,0.0173,0.07690000000000001,0
708,0.97,1.18,0.1197,0.1465,0.1382,2.6031,31.24,11.52,45.33,0.1297,18.84,13.89,3.17,3.11,2.02,76.56,-0.0209,0.4644,1.71,0.046799999999999994,0.084,0
585,1.73,1.1,1.6777000000000002,0.1319,0.13140000000000002,0.67,43.36,4.15,112.02,0.14880000000000002,5.08,2.32,-0.55,1.49,1.38,155.37,0.5025,0.607,1.1,0.07769999999999999,0.1117,0
1465,1.08,1.48,-0.2601,0.0642,0.0622,0.42,40.88,8.81,170.67,-0.2781,6.73,2.62,-0.98,3.08,1.82,211.55,-0.0475,0.5203,1.48,0.0277,0.1149,0
1134,0.84,0.89,0.2427,0.0154,0.0155,0.0601,57.01,3.16,57.69,0.1918,3.88,0.67,0.11,1.99,1.35,114.7,0.0596,0.442,0.89,0.0141,0.12390000000000001,0
928,3.3,0.23,1.2601,0.1007,0.038,0.04,68.09,5.29,42.65,0.6756,0.95,-0.77,0.1,0.58,0.38,110.74,-0.0649,0.7524,0.23,0.0129,0.2492,0
171,0.84,0.79,0.1646,0.161,0.1524,0.6651,104.3,3.45,19.3,0.1134,8.73,4.13,0.71,3.22,1.58,123.6,0.2016,0.457,0.79,0.06509999999999999,0.4192,0
1202,1.06,0.9,0.9801000000000001,0.0447,0.044500000000000005,0.17,102.08,1.76,113.91,0.9872,3.73,0.91,-0.16,1.76,1.39,215.99,0.9632,0.4885,0.9,0.0679,0.2778,0
1250,2.49,0.59,0.3038,0.0304,0.0281,0.16,118.03,0.76,32.86,0.14279999999999998,5.32,2.06,0.14,2.12,1.17,150.89,0.3056,0.7104,0.59,0.0321,0.2908,0
576,0.48,1.97,0.5307999999999999,0.0134,0.0132,0.06,27.07,3.33,74.37,0.5306000000000001,4.5,1.39,-0.17,1.92,2.36,101.44,0.8037000000000001,0.3191,1.97,0.026000000000000002,0.0859,0
1295,0.83,0.79,0.35479999999999995,0.0931,0.0943,0.793,89.26,3.02,22.29,0.4275,11.7,3.55,1.54,6.98,1.47,111.55,0.5836,0.44299999999999995,0.79,0.0633,0.39630000000000004,0
1375,0.7,1.07,0.0317,0.0382,0.039,0.0848,63.95,2.81,29.93,0.0356,2.17,0.34,0.09,0.73,1.69,93.88,0.023799999999999998,0.4071,1.07,0.0275,0.15869999999999998,0
636,1.54,1.32,0.07,0.0793,0.0765,0.263,66.93,5.38,62.23,0.1322,3.44,0.41,0.37,1.86,1.3,129.17,0.2235,0.5906,0.81,0.0167,0.10060000000000001,0
705,0.96,0.98,0.2553,0.0288,0.028399999999999998,0.4955,33.21,2.71,46.94,0.2627,17.43,12.48,-1.74,3.11,2.0,80.14,0.0693,0.4612,1.64,0.037000000000000005,0.0717,0
1152,0.48,1.55,0.3517,0.056799999999999996,0.055099999999999996,0.19,58.4,6.16,61.68,0.3602,6.99,1.4,0.1,4.38,2.14,120.08,0.11359999999999999,0.3245,1.55,0.0326,0.1472,0
700,1.03,1.05,-0.1379,0.1267,0.1208,1.8326,30.97,11.63,72.98,-0.16670000000000001,15.17,10.21,1.73,3.11,1.97,103.95,-0.0956,0.4742,1.68,0.0374,0.07780000000000001,0
1510,2.96,0.84,0.10339999999999999,0.0655,0.0634,0.43,47.03,3.83,102.38,0.1035,6.85,3.76,0.05,1.69,1.21,149.42,0.10220000000000001,0.7426,0.84,0.0181,0.07719999999999999,0
42,0.66,0.74,-0.3592,0.0069,0.0068000000000000005,0.05,395.43,0.23,58.44,-0.4064,6.81,1.86,0.0095,3.83,2.1,453.87,0.1825,0.39,0.74,0.0508,0.285,1
1380,0.64,1.1,0.0666,0.0496,0.047599999999999996,0.1305,64.15,4.21,35.27,0.0565,2.74,0.42,0.2,0.29,1.74,99.42,0.0735,0.3887,1.1,0.0274,0.152,0
698,1.04,1.06,-0.17859999999999998,0.057999999999999996,0.057999999999999996,0.8215,38.1,4.72,80.68,-0.2184,14.16,9.2,1.21,3.11,1.96,118.78,-0.1661,0.4747,1.61,0.0377,0.0775,0
1198,1.29,0.87,0.3734,0.051399999999999994,0.0509,0.09,114.66,1.57,123.42,0.33020000000000005,3.38,1.4,-0.23,0.89,1.4,238.08,0.2568,0.5594,0.87,0.057800000000000004,0.2571,0
488,0.81,1.13,-0.08689999999999999,0.18350000000000002,0.1681,0.6277,126.22,2.85,35.44,-0.0454,3.73,2.0,0.38,0.23,1.59,161.66,0.1283,0.43090000000000006,1.13,0.08689999999999999,0.5068,0
1153,0.48,1.52,0.1116,0.014199999999999999,0.0141,0.0499,51.98,1.73,68.99,0.0558,7.09,1.5,-0.13,4.38,2.14,120.97,0.0347,0.32439999999999997,1.52,0.0316,0.1435,0
164,0.97,0.85,0.18239999999999998,0.0719,0.0694,0.4,88.1,1.02,23.67,0.2289,5.76,3.59,0.16,0.84,1.59,111.77,0.30879999999999996,0.4926,0.85,0.0745,0.4042,0
1056,4.38,0.94,0.4318,0.3433,0.2982,1.66,35.01,10.28,90.48,0.45799999999999996,5.57,3.31,0.25,0.96,1.17,125.49,0.2782,0.8143,0.94,0.0329,0.0877,0
956,1.25,0.81,0.42829999999999996,0.09269999999999999,0.08900000000000001,0.15,64.27,5.6,52.03,-1.3272,1.68,0.31,0.11,0.06,1.26,116.29,0.027200000000000002,0.5516,0.81,0.0415,0.19390000000000002,0
1492,2.42,0.84,0.1303,0.0902,0.0886,0.68,42.5,8.47,81.39,0.0863,11.5,4.93,-3.49,5.07,1.26,123.89,0.1941,0.6948000000000001,0.84,0.0174,0.0779,0
403,0.49,1.34,0.08199999999999999,0.0855,0.0638,0.39,82.21,4.38,91.61,0.0271,4.41,0.86,0.07,2.44,2.19,173.83,0.2487,0.3285,1.34,0.13470000000000001,0.44689999999999996,1
346,2.75,0.85,0.7628,0.030299999999999997,0.0316,0.29,51.88,1.73,78.19,0.5102,9.13,3.8,-1.36,4.33,1.27,130.07,0.1018,0.6994,0.88,0.0226,0.0814,0
318,2.33,0.83,0.17329999999999998,0.021099999999999997,0.0209,0.0688,46.8,1.92,32.65,-0.08810000000000001,3.3,0.93,-0.63,1.29,1.38,79.45,0.0753,0.6890000000000001,0.83,0.0115,0.065,0
1174,0.53,1.01,0.0805,0.0319,0.0315,0.1384,67.13,2.68,56.22,-0.0407,4.39,1.47,-0.26,1.61,1.84,123.35,0.1436,0.3433,1.01,0.030600000000000002,0.2091,0
320,2.57,0.94,0.2734,0.0512,0.0496,0.17,46.24,5.84,37.23,0.23579999999999998,3.42,1.03,-1.26,1.31,1.44,83.47,0.1166,0.7086,0.94,0.0095,0.0617,0
489,0.78,1.16,-0.9384,0.0033,0.0033,0.0124,119.52,0.75,61.02,-1.063,3.75,2.02,-0.15,0.23,1.59,180.54,-0.2514,0.4244,1.16,0.0086,0.4017,0
1160,0.52,1.06,-0.1418,0.029300000000000003,0.0286,0.1,67.11,5.36,65.03,-0.3147,3.79,0.91,0.17,1.61,1.75,132.14,0.0395,0.3403,1.06,0.0171,0.151,0
1412,1.68,0.6,1.0724,0.0922,0.08800000000000001,0.3341,68.63,3.93,27.38,3.2581,3.8,1.65,0.24,0.29,1.04,96.01,0.7851,0.6253,0.6,0.04190000000000001,0.1809,0
1151,0.46,1.64,0.35119999999999996,0.044199999999999996,0.0433,0.149,58.84,4.59,67.58,0.2403,6.89,1.33,-0.41,4.36,2.31,126.42,0.08410000000000001,0.3119,1.64,0.034300000000000004,0.14300000000000002,0
1142,1.01,0.87,0.377,0.0301,0.0298,0.1262,58.89,3.06,63.83,0.6668999999999999,4.24,0.96,-0.44,2.04,1.36,122.72,0.1369,0.4867,0.87,0.0192,0.1231,0
190,0.71,0.81,0.248,0.12480000000000001,0.1104,1.0641,102.76,2.63,20.97,0.2119,9.24,4.59,1.14,3.25,1.86,123.73,0.2059,0.4152,0.82,0.0654,0.36229999999999996,0
1104,0.58,2.05,-0.15410000000000001,0.0418,0.0414,0.137,68.08,5.29,84.5,-0.0766,3.3,0.24,0.21,1.84,2.06,152.58,-0.0147,0.3599,1.44,0.0361,0.2238,0
1381,0.67,0.87,0.0805,0.06309999999999999,0.0575,0.17,76.97,4.68,32.92,0.0673,2.89,0.44,0.09,0.29,1.72,109.89,0.0492,0.3978,0.87,0.0262,0.1588,0
1210,1.79,0.85,0.2097,0.0662,0.0652,0.3,85.88,2.1,139.07,0.24230000000000002,4.62,1.78,0.18,1.77,1.2,224.95,0.1788,0.5878,0.85,0.0816,0.2636,0
554,2.46,0.33,0.4203,0.10220000000000001,0.10210000000000001,2.16,143.02,1.89,21.73,0.3958,21.15,8.96,5.5,10.58,0.89,164.75,0.3803,0.7125,0.33,0.042699999999999995,0.3588,0
1369,0.86,0.86,0.2119,0.0863,0.087,0.16,69.01,5.22,30.98,0.18460000000000001,1.89,0.16,0.11,0.64,1.53,99.99,0.10529999999999999,0.4593,0.86,0.028999999999999998,0.17149999999999999,0
788,1.27,0.72,-0.0433,0.028999999999999998,0.027200000000000002,0.28,105.85,0.85,51.8,0.0172,10.39,4.75,0.19,3.43,0.93,157.64,0.4738,0.5153,0.72,0.1465,0.5759000000000001,1
587,2.23,0.98,0.752,0.18899999999999997,0.1772,0.95,41.58,8.66,117.75,0.4324,5.36,2.54,-3.19,1.49,1.26,159.32,0.5722,0.6317,0.98,0.055,0.1288,0
397,0.13,4.06,0.5879,0.0455,0.045,0.19,53.45,3.37,91.85,0.5817,8.42,1.38,0.3,5.87,4.59,145.3,0.158,0.1153,4.06,0.2053,0.4104,1
662,1.52,1.47,0.0782,0.11560000000000001,0.1124,0.3244,33.49,5.37,55.82,0.083,2.89,1.5,0.09,0.11,1.83,89.31,0.1686,0.5962,1.47,0.048,0.0793,0
543,1.03,1.06,0.4939,0.3179,0.1463,4.43,81.48,4.42,12.06,0.40909999999999996,32.4,11.86,5.97,18.6,1.63,93.54,0.2658,0.5094,1.06,0.0558,0.3369,0
608,2.17,1.1,-0.48369999999999996,0.0148,0.0147,0.17,57.62,1.56,151.06,-0.48450000000000004,11.92,5.95,-0.69,4.41,1.5,208.68,-0.16329999999999997,0.6002000000000001,1.1,0.0202,0.0913,0
658,1.57,1.36,0.1427,0.1325,0.1274,0.3008,36.2,4.97,59.19,0.18489999999999998,2.36,1.04,0.32,0.1,1.72,95.39,0.13449999999999998,0.6032,1.36,0.0519,0.09269999999999999,0
132,1.15,1.65,-0.7578,0.0478,0.0425,0.052,217.6,0.41,46.15,0.3381,6.14,2.49,0.2,2.34,2.34,263.75,0.2768,0.5346,1.65,0.1551,0.2919,1
949,1.73,0.79,-0.8591,0.0236,0.0229,0.03,53.79,1.67,46.78,-0.8615999999999999,1.47,0.18,0.03,0.16,1.07,100.57,0.0449,0.6279,0.79,0.0363,0.22149999999999997,0
45,0.65,0.47,-0.6453,0.0184,0.0184,0.13,315.26,1.14,54.01,-0.09609999999999999,6.82,1.86,0.44,3.83,1.93,369.27,0.21050000000000002,0.387,0.47,0.0254,0.2441,1
468,1.01,1.02,0.2369,0.2382,0.2132,0.6935,110.54,3.26,37.48,-0.1065,3.25,1.12,0.49,0.24,1.39,148.02,0.09699999999999999,0.4755,1.02,0.1198,0.4839,0
671,1.43,1.08,0.175,0.1685,0.1592,0.6709,42.66,6.33,64.92,0.1725,4.21,2.73,0.3,0.1,1.5,107.58,0.16879999999999998,0.5781000000000001,1.08,0.0443,0.07719999999999999,0
460,1.45,1.24,4.437,0.2159,0.1911,0.38,96.88,3.72,37.43,9.027899999999999,1.96,0.33,0.81,0.2,1.36,134.31,1.7524000000000002,0.5535,0.94,0.11289999999999999,0.478,0
1512,3.31,0.79,0.1284,0.1319,0.12689999999999999,0.89,48.38,7.44,100.81,0.1834,7.0,3.84,0.6,1.68,1.17,149.18,0.1093,0.7631999999999999,0.79,0.018000000000000002,0.0779,0
1276,1.11,0.68,0.4171,0.2622,0.23809999999999998,0.586,79.22,4.54,15.3,0.3925,4.92,2.13,1.77,1.65,1.37,94.52,0.2361,0.5238,0.68,0.0639,0.39770000000000005,0
1122,0.79,1.27,0.2311,0.009399999999999999,0.0095,0.03,72.33,2.49,60.04,0.2692,3.57,0.45,0.04,1.84,1.22,132.37,0.063,0.42840000000000006,0.76,0.0103,0.13,0
961,0.96,1.04,0.1005,0.008100000000000001,0.0084,0.02,52.5,1.71,45.29,0.2526,2.17,0.36,-0.04,0.06,1.45,97.79,0.0213,0.48619999999999997,1.04,0.0169,0.23370000000000002,0
710,0.99,1.09,0.1419,0.0661,0.0674,1.3049,30.97,5.81,45.24,0.1121,19.36,14.41,-0.22,3.11,1.99,76.2,0.09699999999999999,0.4705,1.69,0.044000000000000004,0.07730000000000001,0
1262,1.74,1.03,-0.0345,0.0843,0.08529999999999999,0.24,52.67,3.42,93.16,-0.0506,2.77,1.18,-0.77,0.44,1.39,145.83,0.1409,0.6312,1.09,0.0464,0.2475,0
1131,0.84,0.92,0.9343,0.0,0.018600000000000002,0.0712,58.24,4.64,58.14,1.0836,3.83,0.63,0.19,1.97,1.32,116.38,0.1728,0.4424,0.92,0.0123,0.1311,0
1208,1.76,0.8,0.19510000000000002,0.1097,0.1045,0.45,91.14,3.95,129.09,0.15439999999999998,4.32,1.48,0.93,1.77,1.19,220.22,0.381,0.5849,0.8,0.0724,0.2751,0
916,16.0,0.46,-24.742800000000003,-1.4712,-6.653200000000001,-3.007,30.61,11.76,46.14,-30.4739,0.45,-2.9,-0.63,1.88,0.46,76.75,-0.1344,0.9183,0.36,-0.4067,0.0863,0
472,0.85,1.12,0.0045000000000000005,0.1962,0.18109999999999998,0.6966,121.36,2.97,37.27,0.2905,3.85,1.66,-0.17,0.24,1.51,158.63,0.1438,0.4343,1.12,0.1082,0.5274,0
1373,0.8,0.81,-0.0086,0.0796,0.0739,0.16,72.39,4.97,29.49,0.0062,2.21,0.25,0.25,0.85,1.53,101.87,0.0704,0.43979999999999997,0.81,0.0268,0.1727,0
1194,0.84,1.3,0.3212,0.0642,0.0408,0.13,92.48,1.95,103.28,0.446,9.22,3.35,-0.68,4.66,1.85,195.76,0.2101,0.45520000000000005,1.3,0.048600000000000004,0.2644,0
1156,0.48,1.42,-0.3935,0.032799999999999996,0.0323,0.12,59.58,6.04,66.26,-0.35009999999999997,3.63,0.81,0.24,1.61,2.06,125.84,0.0313,0.3218,1.42,0.0196,0.15460000000000002,0
195,1.17,0.7,0.1666,0.15039999999999998,0.1401,1.5615,107.87,3.34,26.68,0.1941,11.03,5.88,3.01,3.62,1.31,134.55,0.15259999999999999,0.5346,0.7,0.0629,0.3696,0
976,1.01,1.42,-0.3763,0.043899999999999995,0.042699999999999995,0.09,66.29,5.43,48.66,-0.5002,2.12,0.66,0.09,0.06,1.84,114.95,-0.008199999999999999,0.5002,1.42,0.024900000000000002,0.2234,0
617,2.43,1.06,-0.032400000000000005,0.0412,0.0429,0.58,37.29,4.83,113.39,-0.0483,13.54,7.34,-3.97,4.42,1.47,150.67,0.0115,0.6255,1.09,0.020099999999999996,0.0799,0
988,1.11,1.13,0.8395,0.0726,0.0703,0.16,47.32,7.61,52.96,2.2905,2.34,1.04,0.33,0.06,1.35,100.28,0.33490000000000003,0.521,1.13,0.044800000000000006,0.2366,0
1471,0.85,1.67,0.0875,0.0225,0.0223,0.19,44.36,4.06,177.32,0.1157,8.28,2.44,-1.21,4.82,2.09,221.69,0.1124,0.46,1.68,0.0274,0.11689999999999999,0
1268,1.12,1.36,0.5461,0.22870000000000001,0.1961,0.85,42.08,8.56,87.17,0.5709000000000001,4.11,2.06,0.35,0.79,1.71,129.25,0.19940000000000002,0.5272,1.38,0.0592,0.25129999999999997,0
605,2.9,1.01,0.1398,0.0814,0.0791,0.84,35.65,5.05,105.23,0.15289999999999998,10.66,6.15,0.4,2.94,1.52,140.88,0.20170000000000002,0.6557999999999999,1.18,0.0344,0.1038,0
977,0.91,1.59,-0.6661,0.0045000000000000005,0.0044,0.01,57.8,1.56,54.91,-1.0926,2.13,0.67,-0.07,0.06,2.02,112.71,-0.1782,0.474,1.59,0.0097,0.2296,0
330,2.38,0.94,0.1938,0.0148,0.0132,0.09,50.58,1.78,58.73,0.2903,5.15,1.71,-2.2,2.42,1.39,109.31,0.29309999999999997,0.6937000000000001,0.94,0.0091,0.0706,0
1040,0.53,1.82,-0.365,0.0263,0.0253,0.0886,109.72,2.46,308.18,-0.7354,3.5,0.81,-0.04,1.61,2.28,417.91,-0.0373,0.3428,1.82,0.0771,0.4061,1
601,3.05,1.17,0.2982,0.0806,0.0787,0.74,34.43,5.23,117.26,0.2353,9.4,4.96,-1.28,2.94,1.47,151.69,0.3036,0.6745,1.17,0.0363,0.0993,0
1085,1.78,1.25,0.1229,0.039900000000000005,0.0392,0.57,41.28,2.18,156.44,0.114,14.22,7.09,-2.4,5.42,1.59,197.72,0.151,0.6262,1.34,0.054000000000000006,0.1253,0
1205,2.0,0.79,0.6999,0.024399999999999998,0.0241,0.1,101.44,0.89,137.17,0.8929,4.04,1.21,-0.0077,1.77,1.2,238.62,0.7058,0.6243,0.79,0.0698,0.2681,0
333,2.37,0.78,0.2623,0.08289999999999999,0.07769999999999999,0.54,57.96,6.21,49.34,0.43079999999999996,5.49,1.96,0.26,2.42,1.27,107.3,0.2413,0.6899,0.78,0.0147,0.0784,0
480,0.99,0.98,0.1974,0.2144,0.2097,0.5757,106.38,3.38,27.5,0.13949999999999999,4.12,1.69,0.42,0.34,1.38,133.88,0.139,0.4765,0.98,0.11289999999999999,0.4961,0
1215,1.9,0.78,-0.1925,0.0809,0.0759,0.41,90.84,2.97,158.67,-0.2271,5.17,2.4,0.24,1.68,1.12,249.51,-0.0516,0.5996,0.82,0.0718,0.2554,0
968,1.09,0.93,0.8190000000000001,0.07690000000000001,0.078,0.16,67.6,5.33,45.18,0.6002000000000001,2.04,0.51,0.3,0.06,1.71,112.78,0.061900000000000004,0.518,0.93,0.0403,0.2071,0
579,0.72,1.5,0.024,0.060599999999999994,0.0596,0.2717,27.47,13.11,82.69,0.2763,4.56,1.43,-0.15,1.91,1.83,110.15,0.4178,0.41259999999999997,1.5,0.027000000000000003,0.08689999999999999,0
1345,0.48,0.62,0.0816,0.0678,0.0611,0.089,94.06,3.83,13.86,-0.0274,1.46,-0.11,0.09,0.53,1.57,107.92,0.10289999999999999,0.32289999999999996,0.48,0.0236,0.19829999999999998,0
38,0.66,0.51,0.1054,0.0113,0.011200000000000002,0.07,611.83,0.15,76.91,0.12960000000000002,6.46,1.55,-0.06,3.83,2.15,688.74,-0.11,0.39189999999999997,0.51,0.08539999999999999,0.33990000000000004,1
47,0.71,0.28,-0.3882,0.005,0.005,0.03,440.74,0.41,70.99,-1.1967,6.84,1.88,-0.27,3.83,1.27,511.73,-0.0821,0.4068,0.28,0.018500000000000003,0.2692,1
1072,1.14,1.3,0.2504,0.1204,0.115,1.55,41.87,8.6,127.59,0.2619,18.87,5.58,-1.8,11.6,1.73,169.47,0.24969999999999998,0.5276,1.3,0.0453,0.09609999999999999,0
588,2.29,1.0,-0.6942,0.0291,0.0287,0.16,42.13,2.14,129.05,0.7568,5.52,2.7,0.18,1.49,1.26,171.18,0.5674,0.6338,1.0,0.0384,0.1349,0
1341,1.12,0.45,0.0171,0.06709999999999999,0.0649,0.082,119.4,3.02,19.44,0.0836,1.27,-4.25,0.02,4.33,0.91,138.84,0.076,0.5277000000000001,0.33,0.0241,0.21850000000000003,0
179,0.93,1.13,0.1962,0.1602,0.1144,0.812,119.13,3.02,23.25,0.15289999999999998,6.51,2.75,0.69,2.48,1.89,142.38,0.2403,0.48310000000000003,1.13,0.0545,0.4152,0
167,0.41,1.63,0.23440000000000003,0.1893,0.14279999999999998,1.305,93.79,3.84,18.85,0.2561,8.0,3.48,0.68,3.22,2.8,112.64,0.2486,0.2919,1.63,0.0666,0.4044,0
1038,0.53,1.53,-0.2314,0.0076,0.0075,0.03,109.8,0.82,297.72,-0.4648,3.41,0.77,-0.15,1.57,2.0,407.51,0.1,0.3418,1.53,0.0661,0.38659999999999994,1
703,1.11,0.98,0.2954,0.1097,0.1056,1.7251,28.24,9.56,46.44,0.3357,16.33,11.39,0.4,3.11,1.88,74.68,0.17800000000000002,0.49670000000000003,1.6,0.0414,0.0775,0
815,1.51,0.49,0.1445,0.172,0.1582,0.69,115.13,1.56,10.7,0.1124,4.36,3.02,0.71,0.14,1.13,125.83,0.1865,0.5954999999999999,0.49,0.0708,0.39770000000000005,0
829,1.26,0.93,0.5117,0.2274,0.1973,1.35,95.03,3.79,9.73,0.4813,7.89,3.99,2.97,2.68,1.52,104.76,0.3089,0.5481,0.93,0.07429999999999999,0.3847,0
679,1.05,1.34,0.044000000000000004,0.1476,0.1386,0.8173,33.6,8.04,68.7,0.0443,5.9,4.22,0.8,0.06,1.73,102.3,0.0616,0.5035000000000001,1.34,0.0446,0.0805,0
1163,0.55,0.99,2.7070999999999996,0.0217,0.0216,0.0824,63.53,4.25,64.79,2.4208000000000003,3.82,0.97,-0.0017,1.61,1.59,128.32,0.1322,0.3528,0.99,0.0161,0.1348,0
1445,2.79,0.37,0.0775,0.1572,0.1536,1.23,86.46,4.16,28.97,0.0504,10.66,6.2,5.62,2.79,0.72,115.43,0.12380000000000001,0.7182,0.37,0.0501,0.32130000000000003,0
942,1.67,0.56,-0.0708,0.0776,0.06709999999999999,0.1,60.55,2.97,43.73,-1.1517,1.55,-0.16,0.03,0.58,0.8,104.27,0.0027,0.6268,0.56,0.0579,0.2434,0
1357,0.88,0.66,-0.0023,0.056900000000000006,0.0638,0.13,72.54,4.96,23.98,-0.056799999999999996,1.97,0.17,0.13,0.73,1.33,96.52,0.0599,0.4667,0.66,0.0207,0.1801,0
581,0.77,1.51,0.4917,0.0535,0.0538,0.25,30.37,5.93,89.9,0.2229,4.64,1.56,-0.13,1.86,1.85,120.26,0.30579999999999996,0.4201,1.51,0.0416,0.0886,0
1271,1.27,1.19,0.1183,0.1585,0.1603,0.6568,45.34,5.95,92.37,0.22219999999999998,4.08,2.04,0.43,0.79,1.6,137.72,0.054299999999999994,0.5621,1.24,0.0608,0.2682,0
1457,1.22,1.29,0.38409999999999994,0.13419999999999999,0.1065,0.61,61.14,5.89,163.04,0.4825,5.96,1.41,-0.8,3.53,1.59,224.18,0.0647,0.5487,1.29,0.0395,0.13699999999999998,0
1242,1.31,0.49,1.9546999999999999,0.024399999999999998,0.0242,0.1,99.65,0.9,21.26,-0.1216,4.27,1.52,0.25,1.64,1.14,120.91,0.057800000000000004,0.5656,0.49,0.0311,0.2843,0
819,1.04,0.57,0.1592,0.0993,0.1026,0.55,132.56,1.36,10.88,0.10830000000000001,7.01,3.38,0.41,2.43,1.31,143.44,0.1661,0.5034000000000001,0.57,0.0698,0.4168,0
1165,0.59,1.01,0.3525,0.0084,0.0084,0.0328,58.65,1.53,67.73,0.1588,3.92,1.01,-0.15,1.61,1.57,126.39,0.0338,0.3665,1.01,0.0181,0.1297,0
1251,2.57,0.54,0.24670000000000003,0.0646,0.0596,0.34,118.71,1.52,35.77,0.2455,5.41,2.13,0.05,2.14,1.12,154.48,0.2571,0.7143,0.54,0.033,0.3089,0
939,2.63,0.5,-0.2887,0.1094,0.10679999999999999,0.116,59.68,4.52,51.22,3.4663,1.09,-0.26,0.1,0.21,0.76,110.9,-0.0292,0.7088,0.5,0.04769999999999999,0.2509,0
1415,0.84,1.12,0.38189999999999996,0.046799999999999994,0.045599999999999995,0.2054,77.18,2.33,47.36,-0.2872,4.5,1.97,1.0,0.29,1.65,124.54,-0.0521,0.456,1.12,0.051,0.1889,0
1114,0.71,1.55,-0.1858,0.0127,0.0126,0.045,78.52,2.29,69.81,-0.31829999999999997,3.59,0.48,-0.12,1.84,1.49,148.33,0.0576,0.4054,0.91,0.0179,0.1379,0
1186,0.54,1.26,-0.1318,0.0203,0.0202,0.1144,72.21,2.49,50.77,-0.0941,5.67,2.34,-0.18,1.6,2.18,122.98,0.138,0.349,1.32,0.0202,0.183,0
1424,1.14,0.79,0.2693,0.0911,0.09570000000000001,0.78,104.25,2.59,30.33,0.258,8.15,3.56,0.86,3.42,1.67,134.57,0.3439,0.5215,0.79,0.056600000000000004,0.36200000000000004,0
685,0.9,1.5,0.9012,0.0394,0.0387,0.3171,33.99,2.65,65.06,0.1539,7.64,5.61,0.16,0.19,1.93,99.06,0.09140000000000001,0.44170000000000004,1.5,0.0429,0.0746,0
1149,0.52,1.62,0.32789999999999997,0.013500000000000002,0.013300000000000001,0.0897,56.02,1.61,62.31,0.32689999999999997,6.72,1.17,-0.09,4.36,2.2,118.33,0.0305,0.34020000000000006,1.62,0.0294,0.1399,0
1428,1.64,0.73,0.3175,0.1399,0.13419999999999999,1.03,95.08,2.84,29.97,0.3169,7.66,4.37,1.97,2.1,1.35,125.06,0.218,0.6079,0.73,0.055999999999999994,0.3607,0
1222,2.41,0.83,-0.2161,0.0451,0.0441,0.28,77.27,2.33,157.84,-0.26489999999999997,6.06,3.31,-0.48,1.58,1.18,235.11,0.12210000000000001,0.653,0.88,0.057800000000000004,0.2518,0
1362,0.8,0.89,0.2977,0.019,0.018500000000000003,0.049,58.28,1.54,24.56,0.3292,2.67,0.38,0.14,1.21,1.45,82.84,0.1198,0.44329999999999997,0.89,0.025099999999999997,0.16449999999999998,0
1037,0.44,1.66,0.0288,0.064,0.051,0.18,94.63,3.8,209.61,-0.0824,3.37,0.75,0.0047,1.53,2.23,304.23,0.2158,0.3031,1.66,0.0929,0.4053,1
646,1.62,0.84,0.6201,0.1223,0.12050000000000001,0.3075,33.96,5.3,54.97,0.6079,4.66,1.41,0.35,1.86,1.28,88.93,0.23379999999999998,0.6056,0.84,0.0424,0.1001,0
173,0.93,0.92,0.12789999999999999,0.0843,0.0839,0.377,113.09,1.59,23.45,0.12539999999999998,4.49,2.17,0.01,1.11,1.78,136.54,0.18109999999999998,0.4808,0.92,0.0665,0.4242,0
675,1.37,1.12,0.16690000000000002,0.1678,0.15869999999999998,0.7829,37.63,7.17,65.64,0.147,4.93,3.35,0.61,0.12,1.55,103.27,0.1471,0.5687,1.12,0.0452,0.08130000000000001,0
1290,0.52,0.81,0.4548,0.0687,0.06860000000000001,0.621,82.83,2.17,22.37,0.37270000000000003,9.05,2.38,0.49,5.53,1.96,105.2,0.3371,0.3411,0.81,0.07780000000000001,0.4058,0
1500,3.15,0.75,0.419,0.1524,0.14279999999999998,0.73,39.66,9.08,76.18,0.3654,5.48,2.8,-1.93,1.41,1.14,115.84,0.305,0.7495,0.75,0.0172,0.0779,0
1124,0.8,0.79,0.9431,0.0169,0.0168,0.0821,75.31,4.78,60.74,-1.0515999999999999,3.68,0.58,0.39,1.95,1.24,136.05,0.0404,0.43229999999999996,0.79,0.0118,0.1374,0
934,3.68,0.88,-0.4686,0.2146,0.18539999999999998,0.17,52.53,3.43,39.93,-0.8818,0.91,-0.37,0.07,0.15,1.11,92.46,0.2917,0.7725,0.88,0.0885,0.272,0
983,1.01,1.74,0.3029,0.0138,0.0139,0.029,69.89,3.86,65.64,1.7361000000000002,2.12,0.78,-0.09,0.06,2.05,135.53,-0.17129999999999998,0.4953,1.74,0.0078000000000000005,0.273,0
481,0.82,1.0,0.2492,0.06559999999999999,0.0635,0.2794,114.34,0.79,28.36,0.2165,4.4,1.97,0.78,0.34,1.5,142.7,0.2489,0.4322,1.0,0.10949999999999999,0.5664,0
669,1.26,1.13,0.1869,0.0449,0.0438,0.1725,39.97,2.25,61.31,0.1865,3.94,2.45,0.08,0.1,1.59,101.28,0.17579999999999998,0.5473,1.13,0.0359,0.0649,0
1444,2.29,0.33,0.0929,0.1245,0.1216,1.3,91.35,2.96,28.42,0.0633,10.72,5.97,4.09,3.35,0.79,119.77,0.11470000000000001,0.6772,0.33,0.0542,0.33049999999999996,0
1035,0.51,1.37,0.22460000000000002,0.04,0.0394,0.11,109.68,1.64,208.45,0.1096,2.81,0.73,-0.17,0.99,1.81,318.14,0.24789999999999998,0.3335,1.37,0.1184,0.39909999999999995,1
1192,1.28,0.94,0.1063,0.1711,0.15810000000000002,1.07,75.35,4.78,87.72,0.0782,6.74,4.03,0.51,1.44,1.44,163.07,0.32420000000000004,0.5616,0.94,0.0553,0.2646,0
1480,4.15,0.85,0.0096,0.171,0.1702,1.14,31.21,11.53,89.78,-0.0287,6.68,3.92,1.85,1.47,1.09,120.99,0.1413,0.8040999999999999,0.85,0.0176,0.0852,0
1091,2.22,1.23,0.1542,0.1001,0.098,1.59,41.39,6.52,159.74,0.1772,15.79,8.58,0.03,5.47,1.46,201.13,0.1043,0.6758,1.26,0.0426,0.1183,0
358,2.67,0.9,0.24059999999999998,0.0233,0.0223,0.29,38.85,2.32,70.03,0.201,12.28,6.63,-1.61,4.38,1.26,108.88,0.1975,0.6970999999999999,0.94,0.014199999999999999,0.0757,0
201,1.05,0.81,0.2064,0.06570000000000001,0.06559999999999999,0.8489,112.97,1.59,34.47,0.26940000000000003,12.9,7.72,1.14,3.56,1.49,147.44,0.0892,0.5082,0.82,0.058600000000000006,0.3356,0
1389,0.62,1.01,0.1182,0.061200000000000004,0.06309999999999999,0.21,78.45,4.59,30.11,0.1822,3.27,0.68,0.16,0.29,1.9,108.55,0.018799999999999997,0.3791,1.01,0.030299999999999997,0.1568,0
1181,0.49,1.36,0.2408,0.0103,0.0102,0.0542,70.14,1.28,53.01,1.5116999999999998,5.32,2.2,-0.45,1.59,2.28,123.15,0.1216,0.3282,1.42,0.0216,0.2046,0
696,1.14,1.45,0.1423,0.1631,0.1522,2.105,29.6,12.16,83.7,0.2382,13.97,9.02,2.35,3.11,1.87,113.3,0.1524,0.4974,1.55,0.0421,0.0875,0
1504,2.58,0.8,0.042,0.1349,0.1143,0.74,47.68,7.55,86.76,0.0647,6.02,2.83,0.2,1.88,1.22,134.43,0.0348,0.7147,0.81,0.0172,0.0795,0
329,2.43,0.81,0.23870000000000002,0.0842,0.0742,0.43,56.65,6.35,46.82,0.2833,5.07,1.63,0.26,2.42,1.3,103.47,0.2075,0.6978,0.81,0.014199999999999999,0.0757,0
